{"cameraMode":{"drawMode":0,"name":"Shaded","section":"Shading Mode"},"sceneLighting":false,"audioPlay":false,"sceneViewState":{"showFog":true,"showMaterialUpdate":false,"showSkybox":false,"showFlares":true,"showImageEffects":true,"showParticleSystems":true},"in2DMode":false,"pivot":{"x":-0.07491888850927353,"y":-0.0737752914428711,"z":0.7205244302749634},"rotation":{"x":0.002030419185757637,"y":-0.787028968334198,"z":0.6169073581695557,"w":0.002590297255665064},"size":3.221942901611328,"orthographic":false}